group,name,number
Bellagio,Call Center myvegas.com,917025556666,
Bellagio,Bellagio Accts Receivable,917025557777,
Bellagio,Luke 1,6025023,
Bellagio,Luke 2,6029017,
Bellagio,Luke 3,6029018,
Bellagio,Luke 4,6029019,
Bellagio,Luke 5,6029020,
Bellagio,Luke 6,6029021,
Bellagio,Luke 7,6029022,
Bellagio,Luke 8,6029023,
Bellagio,Luke 9,6029024,
Bellagio,Luke 10,6029025,
Bellagio,Luke 11,6029026,
Bellagio,Luke 12,6029027,
Bellagio,Luke 13,6029028,
Bellagio,Luke 14,6029029,
Bellagio,Luke 15,6029030,
Bellagio,Luke 16,6029031,
Bellagio,Luke 17,6029032,
Bellagio,Luke 18,6029033,
Bellagio,Luke 19,6029034,
Bellagio,Luke 20,6029035,
Bellagio,Luke 21,6029036,
Bellagio,Luke 22,6029037,
Bellagio,Luke 23,6029038,
Bellagio,Luke 24,6029039,
Bellagio,Luke 25,6029040,
Bellagio,Luke 26,6029041,
Bellagio,Luke 27,6029042,
Bellagio,Luke 28,6029043,
Bellagio,Luke 29,6029044,
Bellagio,Luke 30,6029045,
Mandalay Hotel,Mandalay Front Desk,917045558888,
Mandalay Hotel,Mandalay Accts Receivable,917045559999,
Luxor Hotel,Call Center Home,917024446666,
Luxor Hotel,Luxor Hotel Home Desk,917024447777,